0,10
0.01,30
0.02,50
0.03,70
0.04,90
0.05,110
0.06,130
0.07,150
0.08,170
0.09,190
0.1,210
0.11,230
0.12,250
0.13,270
0.14,290
0.15,310
0.16,330
0.17,350
0.18,370
0.19,390
0.2,410
0.21,430
0.22,450
0.23,470
0.24,490
0.25,510
0.26,530
0.27,550
0.28,570
0.29,590
0.3,610
0.31,630
0.32,650
0.33,670
0.34,690
0.35,710
0.36,730
0.37,750
0.38,770
0.39,790
0.4,810
0.41,830
0.42,850
0.43,870
0.44,890
0.45,910
0.46,930
0.47,950
0.48,970
0.49,990
0.5,1010
0.51,1030
0.52,1050
0.53,1070
0.54,1090
0.55,1110
0.56,1130
0.57,1150
0.58,1175
0.595,1212.5
0.6175,1268.8
0.65125,1352.5
0.70125,1452.5
0.75125,1552.5
0.80125,1652.5
0.85125,1752.5
0.90125,1852.5
0.95125,1952.5
1.0013,2e3
1.0513,2e3
1.1013,2e3
1.1513,2e3
1.2013,2e3
1.2513,2e3
1.3013,2e3
1.3513,2e3
1.4013,2e3
1.4513,2e3
1.5013,2e3
1.5513,2e3
1.6013,2e3
1.6513,2e3
1.7013,2e3
1.7513,2e3
1.8013,2e3
1.8513,2e3
1.9013,2e3
1.9513,2e3
2.0013,2e3
2.0513,2e3
2.1013,2e3
2.1513,2e3
2.2013,2e3
2.2513,2e3
2.3013,2e3
2.3513,2e3
2.4012,2e3
2.4512,2e3
2.5012,2e3
2.5512,2e3
2.6012,2e3
2.6512,2e3
2.7012,2e3
2.7512,2e3
2.8012,2e3
2.8512,2e3
2.9012,2e3
2.9512,2e3
3.0012,2e3
3.0512,2e3
3.1012,2e3
3.1512,2e3
3.2012,2e3
3.2512,2e3
3.3012,2e3
3.3512,2e3
3.4012,2e3
3.4512,2e3
3.5012,2e3
3.5512,2e3
3.6012,2e3
3.6512,2e3
3.7012,2e3
3.7512,2e3
3.8012,2e3
3.8512,2e3
3.9012,2e3
3.9512,2e3
4.0012,2e3
4.0512,2e3
4.1012,2e3
4.1512,2e3
4.2012,2e3
4.2512,2e3
4.3012,2e3
4.3512,2e3
4.4012,2e3
4.4512,2e3
4.5012,2e3
4.5512,2e3
4.6012,2e3
4.6512,2e3
4.7012,2e3
4.7512,2e3
4.8012,2e3
4.8512,2e3
4.9012,2e3
4.9512,2e3
5.0012,2e3
5.0512,2e3
5.1012,2e3
5.1512,2e3
5.2012,2e3
5.2512,2e3
5.3012,2e3
5.3512,2e3
5.4012,2e3
5.4512,2e3
5.5012,2e3
5.5512,2e3
5.6012,2e3
5.6512,2e3
5.7012,2e3
5.7512,2e3
5.8012,2e3
5.8512,2e3
5.9012,2e3
5.9512,2e3
6.0012,2e3
6.0512,2e3
6.1012,2e3
6.1512,2e3
6.2012,2e3
6.2512,2e3
6.3012,2e3
6.3512,2e3
6.4012,2e3
6.4512,1999.9
6.5012,1895
6.5512,1695
6.6012,1495
6.6512,1295
6.7012,1095
6.7512,895
6.8012,695
6.8512,495
6.9012,295
6.9512,95.063
7.0012,0
7.0512,0
7.1012,0
7.1512,0
7.2012,0
7.2512,0
7.3012,0
7.3512,0
7.4012,0
7.4512,0
7.5012,0
7.5512,0
7.6012,0
7.6512,0
7.7012,0
7.7512,0
7.8012,0
7.8512,0
7.9012,0
7.9512,0
8.0012,0
8.0512,0
8.1012,0
8.1512,0
8.2012,0
8.2512,0
8.3012,0
8.3512,0
8.4012,0
8.4512,0
8.5012,0
8.5512,0
8.6012,0
8.6512,0
8.7012,0
8.7512,0
8.8012,0
8.8512,0
8.9012,0
8.9512,0
9.0012,0
9.0512,0
9.1012,0
9.1512,0
9.2012,0
9.2512,0
9.3012,0
9.3512,0
9.4013,0
9.4513,0
9.5013,0
9.5513,0
9.6013,0
9.6513,0
9.7013,0
9.7513,0
9.8013,0
9.8513,0
9.9013,0
9.9513,0
10.001,0
10.051,0
10.101,0
10.151,0
10.201,0
10.251,0
10.301,0
10.351,0
10.401,0
10.451,0
10.501,0
10.551,0
10.601,0
10.651,0
10.701,0
10.751,0
10.801,0
10.851,0
10.901,0
10.951,0
11.001,0
11.051,0
11.101,0
11.151,0
11.201,0
11.251,0
11.301,0
11.351,0
11.401,0
11.451,0
11.501,0
11.551,0
11.601,0
11.651,0
11.701,0
11.751,0
11.801,0
11.851,0
11.901,0
11.951,0
12.001,0
12.051,0
12.101,0
12.151,0
12.201,0
12.251,0
12.301,0
12.351,0
12.401,0
12.451,0
12.501,0
12.551,0
12.601,0
12.651,0
12.701,0
12.751,0
12.801,0
12.851,0
12.901,0
12.951,0
13.001,0
13.051,0
13.101,0
13.151,0
13.201,0
13.251,0
13.301,0
13.351,0
13.401,0
13.451,0
13.501,0
13.551,0
13.601,0
13.651,0
13.701,0
13.751,0
13.801,0
13.851,0
13.901,0
13.951,0
14.001,0
14.051,0
14.101,0
14.151,0
14.201,0
14.251,0
14.301,0
14.351,0
14.401,0
14.451,0
14.501,0
14.551,0
14.601,0
14.651,0
14.701,0
14.751,0
14.801,0
14.851,0
14.901,0
14.951,0
15.001,0
15.051,0
15.101,0
15.151,0
15.201,0
15.251,0
15.301,0
15.351,0
15.401,0
15.451,0
15.501,0
15.551,0
15.601,0
15.651,0
15.701,0
15.751,0
15.801,0
15.851,0
15.901,0
15.951,0
16.001,0
16.051,0
16.101,0
16.151,0
16.201,0
16.251,0
16.301,0
16.351,0
16.401,0
16.451,0
16.501,0
16.551,0
16.601,0
16.651,0
16.701,0
16.751,0
16.801,0
16.851,0
16.901,0
16.951,0
17.001,0
17.051,0
17.101,0
17.151,0
17.201,0
17.251,0
17.301,0
17.351,0
17.401,0
17.451,0
17.501,0
17.551,0
17.601,0
17.651,0
17.701,0
17.751,0
17.801,0
17.851,0
17.901,0
17.951,0
18.001,0
18.051,0
18.101,0
18.151,0
18.201,0
18.251,0
18.301,0
18.351,0
18.401,0
18.451,0
18.501,0
18.551,0
18.601,0
18.651,0
18.701,0
18.751,0
18.801,0
18.851,0
18.901,0
18.951,0
19.001,0
19.051,0
19.101,0
19.151,0
19.201,0
19.251,0
19.301,0
19.351,0
19.401,0
19.451,0
19.501,0
19.551,0
19.601,0
19.651,0
19.701,0
19.751,0
19.801,0
19.851,0
19.901,0
19.951,0
20.001,0
20.051,0
20.101,0
20.151,0
20.201,0
20.251,0
20.301,0
20.351,0
20.401,0
20.451,0
20.501,0
20.551,0
20.601,0
20.651,0
20.701,0
20.751,0
20.801,0
20.851,0
20.901,0
20.951,0
21.001,0
21.051,0
21.101,0
21.151,0
21.201,0
21.251,0
21.301,0
21.351,0
21.401,0
21.451,0
21.501,0
21.551,0
21.601,0
21.651,0
21.701,0
21.751,0
21.801,0
21.851,0
21.901,0
21.951,0
22.001,0
22.051,0
22.101,0
22.151,0
22.201,0
22.251,0
22.301,0
22.351,0
22.401,0
22.451,0
22.501,0
22.551,0
22.601,0
22.651,0
22.701,0
22.751,0
22.801,0
22.851,0
22.901,0
22.951,0
23.001,0
23.051,0
23.101,0
23.151,0
23.201,0
23.251,0
23.301,0
23.351,0
23.401,0
23.451,0
23.501,0
23.551,0
23.601,0
23.651,0
23.701,0
23.751,0
23.801,0
23.851,0
23.901,0
23.951,0
24.001,0
24.051,0
24.101,0
24.151,0
24.201,0
24.251,0
24.301,0
24.351,0
24.401,0
24.451,0
24.501,0
24.551,0
24.601,0
24.651,0
24.701,0
24.751,0
24.801,0
24.851,0
24.901,0
24.951,0
25.001,0
25.051,0
25.101,0
25.151,0
25.201,0
25.251,0
25.301,0
25.351,0
25.401,0
25.451,0
25.501,0
25.551,0
25.601,0
25.651,0
25.701,0
25.751,0
25.801,0
25.851,0
25.901,0
25.951,0
26.001,0
26.051,0
26.101,0
26.151,0
26.201,0
26.251,0
26.301,0
26.351,0
26.401,0
26.451,0
26.501,0
26.551,0
26.601,0
26.651,0
26.701,0
26.751,0
26.801,0
26.851,0
26.901,0
26.951,0
27.001,0
27.051,0
27.101,0
27.151,0
27.201,0
27.251,0
27.301,0
27.351,0
27.401,0
27.451,0
27.501,0
27.551,0
27.601,0
27.651,0
27.701,0
27.751,0
27.801,0
27.851,0
27.901,0
27.951,0
28.001,0
28.051,0
28.101,0
28.151,0
28.201,0
28.251,0
28.301,0
28.351,0
28.401,0
28.451,0
28.501,0
28.551,0
28.601,0
28.651,0
28.701,0
28.751,0
28.801,0
28.851,0
28.901,0
28.951,0
29.001,0
29.051,0
29.101,0
29.151,0
29.201,0
29.251,0
29.301,0
29.351,0
29.401,0
29.451,0
29.501,0
29.551,0
29.601,0
29.651,0
29.701,0
29.751,0
29.801,0
29.851,0
29.901,0
29.951,0
30.001,0
30.051,0
30.101,0
30.151,0
30.201,0
30.251,0
30.301,0
30.351,0
30.401,0
30.451,0
30.501,0
30.551,0
30.601,0
30.651,0
30.701,0
30.751,0
30.801,0
30.851,0
30.901,0
30.951,0
31.001,0
31.051,0
31.101,0
31.151,0
31.201,0
31.251,0
31.301,0
31.351,0
31.401,0
31.451,0
31.501,0
31.551,0
31.601,0
31.651,0
31.701,0
31.751,0
31.801,0
31.851,0
31.901,0
31.951,0
32.001,0
32.051,0
32.101,0
32.151,0
32.201,0
32.251,0
32.301,0
32.351,0
32.401,0
32.451,0
32.501,0
32.551,0
32.601,0
32.651,0
32.701,0
32.751,0
32.801,0
32.851,0
32.901,0
32.951,0
33.001,0
33.051,0
33.101,0
33.151,0
33.201,0
33.251,0
33.301,0
33.351,0
33.401,0
33.451,0
33.501,0
33.551,0
33.601,0
33.651,0
33.701,0
33.751,0
33.801,0
33.851,0
33.901,0
33.951,0
34.001,0
34.051,0
34.101,0
34.151,0
34.201,0
34.251,0
34.301,0
34.351,0
34.401,0
34.451,0
34.501,0
34.551,0
34.601,0
34.651,0
34.701,0
34.751,0
34.801,0
34.851,0
34.901,0
34.951,0
35.001,0
35.051,0
35.101,0
35.151,0
35.201,0
35.251,0
35.301,0
35.351,0
35.401,0
35.451,0
35.501,0
35.551,0
35.601,0
35.651,0
35.701,0
35.751,0
35.801,0
35.851,0
35.901,0
35.951,0
36.001,0
36.051,0
36.101,0
36.151,0
36.201,0
36.251,0
36.301,0
36.351,0
36.401,0
36.451,0
36.501,0
36.551,0
36.601,0
36.651,0
36.701,0
36.751,0
36.801,0
36.851,0
36.901,0
36.951,0
37.001,0
37.051,0
37.101,0
37.151,0
37.201,0
37.251,0
37.301,0
37.351,0
37.401,0
37.451,0
37.501,0
37.551,0
37.601,0
37.651,0
37.701,0
37.751,0
37.801,0
37.851,0
37.901,0
37.951,0
38.001,0
38.051,0
38.101,0
38.151,0
38.201,0
38.251,0
38.301,0
38.351,0
38.401,0
38.451,0
38.501,0
38.551,0
38.601,0
38.651,0
38.701,0
38.751,0
38.801,0
38.851,0
38.901,0
38.951,0
39.001,0
39.051,0
39.101,0
39.151,0
39.201,0
39.251,0
39.301,0
39.351,0
39.401,0
39.451,0
39.501,0
39.551,0
39.601,0
39.651,0
39.701,0
39.751,0
39.801,0
39.851,0
39.901,0
39.951,0
40.001,0
40.051,0
40.101,0
40.151,0
40.201,0
40.251,0
40.301,0
40.351,0
40.401,0
40.451,0
40.501,0
40.551,0
40.601,0
40.651,0
40.701,0
40.751,0
40.801,0
40.851,0
40.901,0
40.951,0
41.001,0
41.051,0
41.101,0
41.151,0
41.201,0
41.251,0
41.301,0
41.351,0
41.401,0
41.451,0
41.501,0
41.551,0
41.601,0
41.651,0
41.701,0
41.751,0
41.801,0
41.851,0
41.901,0
41.951,0
42.001,0
42.051,0
42.101,0
42.151,0
42.201,0
42.251,0
42.301,0
42.351,0
42.401,0
42.451,0
42.501,0
42.551,0
42.601,0
42.651,0
42.701,0
42.751,0
42.801,0
42.851,0
42.901,0
42.951,0
43.001,0
43.051,0
43.101,0
43.151,0
43.201,0
43.251,0
43.301,0
43.351,0
43.401,0
43.451,0
43.501,0
43.551,0
43.601,0
43.651,0
43.701,0
43.751,0
43.801,0
43.851,0
43.901,0
43.951,0
44.001,0
44.051,0
44.101,0
44.151,0
44.201,0
44.251,0
44.301,0
44.351,0
44.401,0
44.451,0
44.501,0
44.551,0
44.601,0
44.651,0
44.701,0
44.751,0
44.801,0
44.851,0
44.901,0
44.951,0
45.001,0
45.051,0
45.101,0
45.151,0
45.201,0
45.251,0
45.301,0
45.351,0
45.401,0
45.451,0
45.501,0
45.551,0
45.601,0
45.651,0
45.701,0
45.751,0
45.801,0
45.851,0
45.901,0
45.951,0
46.001,0
46.051,0
46.101,0
46.151,0
46.201,0
46.251,0
46.301,0
46.351,0
46.401,0
46.451,0
46.501,0
46.551,0
46.601,0
46.651,0
46.701,0
46.751,0
46.801,0
46.851,0
46.901,0
46.951,0
47.001,0
47.051,0
47.101,0
47.151,0
47.201,0
47.251,0
47.301,0
47.351,0
47.401,0
47.451,0
47.501,0
47.551,0
47.601,0
47.651,0
47.701,0
47.751,0
47.801,0
47.851,0
47.901,0
47.951,0
48.001,0
48.051,0
48.101,0
48.151,0
48.201,0
48.251,0
48.301,0
48.351,0
48.401,0
48.451,0
48.501,0
48.551,0
48.601,0
48.651,0
48.701,0
48.751,0
48.801,0
48.851,0
48.901,0
48.951,0
49.001,0
49.051,0
49.101,0
49.151,0
49.201,0
49.251,0
49.301,0
49.351,0
49.401,0
49.451,0
49.501,0
49.551,0
49.601,0
49.651,0
49.701,0
49.751,0
49.801,0
49.851,0
49.901,0
49.951,0
50.001,0
50.051,0
50.101,0
50.151,0
50.201,0
50.251,0
50.301,0
50.351,0
50.401,0
50.451,0
50.501,0
50.551,0
50.601,0
50.651,0
50.701,0
50.751,0
50.801,0
50.851,0
50.901,0
50.951,0
51.001,0
51.051,0
51.101,0
51.151,0
51.201,0
51.251,0
51.301,0
51.351,0
51.401,0
51.451,0
51.501,0
51.551,0
51.601,0
51.651,0
51.701,0
51.751,0
51.801,0
51.851,0
51.901,0
51.951,0
52.001,0
52.051,0
52.101,0
52.151,0
52.201,0
52.251,0
52.301,0
52.351,0
52.401,0
52.451,0
52.501,0
52.551,0
52.601,0
52.651,0
52.701,0
52.751,0
52.801,0
52.851,0
52.901,0
52.951,0
53.001,0
53.051,0
53.101,0
53.151,0
53.201,0
53.251,0
53.301,0
53.351,0
53.401,0
53.451,0
53.501,0
53.551,0
53.601,0
53.651,0
53.701,0
53.751,0
53.801,0
53.851,0
53.901,0
53.951,0
54.001,0
54.051,0
54.101,0
54.151,0
54.201,0
54.251,0
54.301,0
54.351,0
54.401,0
54.451,0
54.501,0
54.551,0
54.601,0
54.651,0
54.701,0
54.751,0
54.801,0
54.851,0
54.901,0
54.951,0
55.001,0
55.051,0
55.101,0
55.151,0
55.201,0
55.251,0
55.301,0
55.351,0
55.401,0
55.451,0
55.501,0
55.551,0
55.601,0
55.651,0
55.701,0
55.751,0
55.801,0
55.851,0
55.901,0
55.951,0
56.001,0
56.051,0
56.101,0
56.151,0
56.201,0
56.251,0
56.301,0
56.351,0
56.401,0
56.451,0
56.501,0
56.551,0
56.601,0
56.651,0
56.701,0
56.751,0
56.801,0
56.851,0
56.901,0
56.951,0
57.001,0
57.051,0
57.101,0
57.151,0
57.201,0
57.251,0
57.301,0
57.351,0
57.401,0
57.451,0
57.501,0
57.551,0
57.601,0
57.651,0
57.701,0
57.751,0
57.801,0
57.851,0
57.901,0
57.951,0
58.001,0
58.051,0
58.101,0
58.151,0
58.201,0
58.251,0
58.301,0
58.351,0
58.401,0
58.451,0
58.501,0
58.551,0
58.601,0
58.651,0
58.701,0
58.751,0
58.801,0
58.851,0
58.901,0
58.951,0
59.001,0
59.051,0
59.101,0
59.151,0
59.201,0
59.251,0
59.301,0
59.351,0
59.401,0
59.451,0
59.501,0
59.551,0
59.601,0
59.651,0
59.701,0
59.751,0
59.801,0
59.851,0
59.901,0
59.951,0
60.001,0
60.051,0
60.101,0
60.151,0
60.201,0
60.251,0
60.301,0
60.351,0
60.401,0
60.451,0
60.501,0
60.551,0
60.601,0
60.651,0
60.701,0
60.751,0
60.801,0
60.851,0
60.901,0
60.951,0
61.001,0
61.051,0
61.101,0
61.151,0
61.201,0
61.251,0
61.301,0
61.351,0
61.401,0
61.451,0
61.501,0
61.551,0
61.601,0
61.651,0
61.701,0
61.751,0
61.801,0
61.851,0
61.901,0
61.951,0
62.001,0
62.051,0
62.101,0
62.151,0
62.201,0
62.251,0
62.301,0
62.351,0
62.401,0
62.451,0
62.501,0
62.551,0
62.601,0
62.651,0
62.701,0
62.751,0
62.801,0
62.851,0
62.901,0
62.951,0
63.001,0
63.051,0
63.101,0
63.151,0
63.201,0
63.251,0
63.301,0
63.351,0
63.401,0
63.451,0
63.501,0
63.551,0
63.601,0
63.651,0
63.701,0
63.751,0
63.801,0
63.851,0
63.901,0
63.951,0
64.001,0
64.051,0
64.101,0
64.151,0
64.201,0
64.251,0
64.301,0
64.351,0
64.401,0
64.451,0
64.501,0
64.551,0
64.601,0
64.651,0
64.701,0
64.751,0
64.801,0
64.851,0
64.901,0
64.951,0
65.001,0
65.051,0
65.101,0
65.151,0
65.201,0
65.251,0
65.301,0
65.351,0
65.401,0
65.451,0
65.501,0
65.551,0
65.601,0
65.651,0
65.701,0
65.751,0
65.801,0
65.851,0
65.901,0
65.951,0
66.001,0
66.051,0
66.101,0
66.151,0
66.201,0
66.251,0
66.301,0
66.351,0
66.401,0
66.451,0
66.501,0
66.551,0
66.601,0
66.651,0
66.701,0
66.751,0
66.801,0
66.851,0
66.901,0
66.951,0
67.001,0
67.051,0
67.101,0
67.151,0
67.201,0
67.251,0
67.301,0
67.351,0
67.401,0
67.451,0
67.501,0
67.551,0
67.601,0
67.651,0
67.701,0
67.751,0
67.801,0
67.851,0
67.901,0
67.951,0
68.001,0
68.051,0
68.101,0
68.151,0
68.201,0
68.251,0
68.301,0
68.351,0
68.401,0
68.451,0
68.501,0
68.551,0
68.601,0
68.651,0
68.701,0
68.751,0
68.801,0
68.851,0
68.901,0
68.951,0
69.001,0
69.051,0
69.101,0
69.151,0
69.201,0
69.251,0
69.301,0
69.351,0
69.401,0
69.451,0
69.501,0
69.551,0
69.601,0
69.651,0
69.701,0
69.751,0
69.801,0
69.851,0
69.901,0
69.951,0
70.001,0
70.051,0
70.101,0
70.151,0
70.201,0
70.251,0
70.301,0
70.351,0
70.401,0
70.451,0
70.501,0
70.551,0
70.601,0
70.651,0
70.701,0
70.751,0
70.801,0
70.851,0
70.901,0
70.951,0
71.001,0
71.051,0
71.101,0
71.151,0
71.201,0
71.251,0
71.301,0
71.351,0
71.401,0
71.451,0
71.501,0
71.551,0
71.601,0
71.651,0
71.701,0
71.751,0
71.801,0
71.851,0
71.901,0
71.951,0
72.001,0
72.051,0
72.101,0
72.151,0
72.201,0
72.251,0
72.301,0
72.351,0
72.401,0
72.451,0
72.501,0
72.551,0
72.601,0
72.651,0
72.701,0
72.751,0
72.801,0
72.851,0
72.901,0
72.951,0
73.001,0
73.051,0
73.101,0
73.151,0
73.201,0
73.251,0
73.301,0
73.351,0
73.401,0
73.451,0
73.501,0
73.551,0
73.601,0
73.651,0
73.701,0
73.751,0
73.801,0
73.851,0
73.901,0
73.951,0
74.001,0
74.051,0
74.101,0
74.151,0
74.201,0
74.251,0
74.301,0
74.351,0
74.401,0
74.451,0
74.501,0
74.551,0
74.601,0
74.651,0
74.701,0
74.751,0
74.801,0
74.851,0
74.901,0
74.951,0
75.001,0
75.051,0
75.101,0
75.151,0
75.201,0
75.251,0
75.301,0
75.351,0
75.401,0
75.451,0
75.501,0
75.551,0
75.601,0
75.651,0
75.701,0
75.751,0
75.801,0
75.851,0
75.901,0
75.951,0
76.001,0
76.051,0
76.101,0
76.151,0
76.201,0
76.251,0
76.301,0
76.351,0
76.401,0
76.451,0
76.501,0
76.551,0
76.601,0
76.651,0
76.701,0
76.751,0
76.801,0
76.851,0
76.901,0
76.951,0
77.001,0
77.051,0
77.101,0
77.151,0
77.201,0
77.251,0
77.301,0
77.351,0
77.401,0
77.451,0
77.501,0
77.551,0
77.601,0
77.651,0
77.701,0
77.751,0
77.801,0
77.851,0
77.901,0
77.951,0
78.001,0
78.051,0
78.101,0
78.151,0
78.201,0
78.251,0
78.301,0
78.351,0
78.401,0
78.451,0
78.501,0
78.551,0
78.601,0
78.651,0
78.701,0
78.751,0
78.801,0
78.851,0
78.901,0
78.951,0
79.001,0
79.051,0
79.101,0
79.151,0
79.201,0
79.251,0
79.301,0
79.351,0
79.401,0
79.451,0
79.501,0
79.551,0
79.601,0
79.651,0
79.701,0
79.751,0
79.801,0
79.851,0
79.901,0
79.951,0
80.001,0
80.051,0
80.101,0
80.151,0
80.201,0
80.251,0
80.301,0
80.351,0
80.401,0
80.451,0
80.501,0
80.551,0
80.601,0
80.651,0
80.701,0
80.751,0
80.801,0
80.851,0
80.901,0
80.951,0
81.001,0
81.051,0
81.101,0
81.151,0
81.201,0
81.251,0
81.301,0
81.351,0
81.401,0
81.451,0
81.501,0
81.551,0
81.601,0
81.651,0
81.701,0
81.751,0
81.801,0
81.851,0
81.901,0
81.951,0
82.001,0
82.051,0
82.101,0
82.151,0
82.201,0
82.251,0
82.301,0
82.351,0
82.401,0
82.451,0
82.501,0
82.551,0
82.601,0
82.651,0
82.701,0
82.751,0
82.801,0
82.851,0
82.901,0
82.951,0
83.001,0
83.051,0
83.101,0
83.151,0
83.201,0
83.251,0
83.301,0
83.351,0
83.401,0
83.451,0
83.501,0
83.551,0
83.601,0
83.651,0
83.701,0
83.751,0
83.801,0
83.851,0
83.901,0
83.951,0
84.001,0
84.051,0
84.101,0
84.151,0
84.201,0
84.251,0
84.301,0
84.351,0
84.401,0
84.451,0
84.501,0
84.551,0
84.601,0
84.651,0
84.701,0
84.751,0
84.801,0
84.851,0
84.901,0
84.951,0
85.001,0
85.051,0
85.101,0
85.151,0
85.201,0
85.251,0
85.301,0
85.351,0
85.401,0
85.451,0
85.501,0
85.551,0
85.601,0
85.651,0
85.701,0
85.751,0
85.801,0
85.851,0
85.901,0
85.951,0
86.001,0
86.051,0
86.101,0
86.151,0
86.201,0
86.251,0
86.301,0
86.351,0
86.401,0
86.451,0
86.501,0
86.551,0
86.601,0
86.651,0
86.701,0
86.751,0
86.801,0
86.851,0
86.901,0
86.951,0
87.001,0
87.051,0
87.101,0
87.151,0
87.201,0
87.251,0
87.301,0
87.351,0
87.401,0
87.451,0
87.501,0
87.551,0
87.601,0
87.651,0
87.701,0
87.751,0
87.801,0
87.851,0
87.901,0
87.951,0
88.001,0
88.051,0
88.101,0
88.151,0
88.201,0
88.251,0
88.301,0
88.351,0
88.401,0
88.451,0
88.501,0
88.551,0
88.601,0
88.651,0
88.701,0
88.751,0
88.801,0
88.851,0
88.901,0
88.951,0
89.001,0
89.051,0
89.101,0
89.151,0
89.201,0
89.251,0
89.301,0
89.351,0
89.401,0
89.451,0
89.501,0
89.551,0
89.601,0
89.651,0
89.701,0
89.751,0
89.801,0
89.851,0
89.901,0
89.951,0
90.001,0
90.051,0
90.101,0
90.151,0
90.201,0
90.251,0
90.301,0
90.351,0
90.401,0
90.451,0
90.501,0
90.551,0
90.601,0
90.651,0
90.701,0
90.751,0
90.801,0
90.851,0
90.901,0
90.951,0
91.001,0
91.051,0
91.101,0
91.151,0
91.201,0
91.251,0
91.301,0
91.351,0
91.401,0
91.451,0
91.501,0
91.551,0
91.601,0
91.651,0
91.701,0
91.751,0
91.801,0
91.851,0
91.901,0
91.951,0
92.001,0
92.051,0
92.101,0
92.151,0
92.201,0
92.251,0
92.301,0
92.351,0
92.401,0
92.451,0
92.501,0
92.551,0
92.601,0
92.651,0
92.701,0
92.751,0
92.801,0
92.851,0
92.901,0
92.951,0
93.001,0
93.051,0
93.101,0
93.151,0
93.201,0
93.251,0
93.301,0
93.351,0
93.401,0
93.451,0
93.501,0
93.551,0
93.601,0
93.651,0
93.701,0
93.751,0
93.801,0
93.851,0
93.901,0
93.951,0
94.001,0
94.051,0
94.101,0
94.151,0
94.201,0
94.251,0
94.301,0
94.351,0
94.401,0
94.451,0
94.501,0
94.551,0
94.601,0
94.651,0
94.701,0
94.751,0
94.801,0
94.851,0
94.901,0
94.951,0
95.001,0
95.051,0
95.101,0
95.151,0
95.201,0
95.251,0
95.301,0
95.351,0
95.401,0
95.451,0
95.501,0
95.551,0
95.601,0
95.651,0
95.701,0
95.751,0
95.801,0
95.851,0
95.901,0
95.951,0
96.001,0
96.051,0
96.101,0
96.151,0
96.201,0
96.251,0
96.301,0
96.351,0
96.401,0
96.451,0
96.501,0
96.551,0
96.601,0
96.651,0
96.701,0
96.751,0
96.801,0
96.851,0
96.901,0
96.951,0
97.001,0
97.051,0
97.101,0
97.151,0
97.201,0
97.251,0
97.301,0
97.351,0
97.401,0
97.451,0
97.501,0
97.551,0
97.601,0
97.651,0
97.701,0
97.751,0
97.801,0
97.851,0
97.901,0
97.951,0
98.001,0
98.051,0
98.101,0
98.151,0
98.201,0
98.251,0
98.301,0
98.351,0
98.401,0
98.451,0
98.501,0
98.551,0
98.601,0
98.651,0
98.701,0
98.751,0
98.801,0
98.851,0
98.901,0
98.951,0
99.001,0
99.051,0
99.101,0
99.151,0
99.201,0
99.251,0
99.301,0
99.351,0
99.401,0
99.451,0
99.501,0
99.551,0
99.601,0
99.651,0
99.701,0
99.751,0
99.801,0
99.851,0
99.901,0
99.951,0
100,0
100.05,0
100.1,0
100.15,0
100.2,0
100.25,0
100.3,0
100.35,0
100.4,0
100.45,0
100.5,0
100.55,0
100.6,0
100.65,0
100.7,0
100.75,0
100.8,0
100.85,0
100.9,0
100.95,0
101,0
101.05,0
101.1,0
101.15,0
101.2,0
101.25,0
101.3,0
101.35,0
101.4,0
101.45,0
101.5,0
101.55,0
101.6,0
101.65,0
101.7,0
101.75,0
101.8,0
101.85,0
101.9,0
101.95,0
102,0
102.05,0
102.1,0
102.15,0
102.2,0
102.25,0
102.3,0
102.35,0
102.4,0
102.45,0
102.5,0
102.55,0
102.6,0
102.65,0
102.7,0
102.75,0
102.8,0
102.85,0
102.9,0
102.95,0
103,0
103.05,0
103.1,0
103.15,0
103.2,0
103.25,0
103.3,0
103.35,0
103.4,0
103.45,0
103.5,0
103.55,0
103.6,0
103.65,0
103.7,0
103.75,0
103.8,0
103.85,0
103.9,0
103.95,0
104,0
104.05,0
104.1,0
104.15,0
104.2,0
104.25,0
104.3,0
104.35,0
104.4,0
104.45,0
104.5,0
104.55,0
104.6,0
104.65,0
104.7,0
104.75,0
104.8,0
104.85,0
104.9,0
104.95,0
105,0
105.05,0
105.1,0
105.15,0
105.2,0
105.25,0
105.3,0
105.35,0
105.4,0
105.45,0
105.5,0
105.55,0
105.6,0
105.65,0
105.7,0
105.75,0
105.8,0
105.85,0
105.9,0
105.95,0
106,0
106.05,0
106.1,0
106.15,0
106.2,0
106.25,0
106.3,0
106.35,0
106.4,0
106.45,0
106.5,0
106.55,0
106.6,0
106.65,0
106.7,0
106.75,0
106.8,0
106.85,0
106.9,0
106.95,0
107,0
107.05,0
107.1,0
107.15,0
107.2,0
107.25,0
107.3,0
107.35,0
107.4,0
107.45,0
107.5,0
107.55,0
107.6,0
107.65,0
107.7,0
107.75,0
107.8,0
107.85,0
107.9,0
107.95,0
108,0
108.05,0
108.1,0
108.15,0
108.2,0
108.25,0
108.3,0
108.35,0
108.4,0
108.45,0
108.5,0
108.55,0
108.6,0
108.65,0
108.7,0
108.75,0
108.8,0
108.85,0
108.9,0
108.95,0
109,0
109.05,0
109.1,0
109.15,0
109.2,0
109.25,0
109.3,0
109.35,0
109.4,0
109.45,0
109.5,0
109.55,0
109.6,0
109.65,0
109.7,0
109.75,0
109.8,0
109.85,0
109.9,0
109.95,0
110,0
110.05,0
110.1,0
110.15,0
110.2,0
110.25,0
110.3,0
110.35,0
110.4,0
110.45,0
110.5,0
110.55,0
110.6,0
110.65,0
110.7,0
110.75,0
110.8,0
110.85,0
110.9,0
110.95,0
111,0
111.05,0
111.1,0
111.15,0
111.2,0
111.25,0
111.3,0
111.35,0
111.4,0
111.45,0
111.5,0
111.55,0
111.6,0
111.65,0
111.7,0
111.75,0
111.8,0
111.85,0
111.9,0
111.95,0
112,0
112.05,0
112.1,0
112.15,0
112.2,0
112.25,0
112.3,0
112.35,0
112.4,0
112.45,0
112.5,0
112.55,0
112.6,0
112.65,0
112.7,0
112.75,0
112.8,0
112.85,0
112.9,0
112.95,0
113,0
113.05,0
113.1,0
113.15,0
113.2,0
113.25,0
113.3,0
113.35,0
113.4,0
113.45,0
113.5,0
113.55,0
113.6,0
113.65,0
113.7,0
113.75,0
113.8,0
113.85,0
113.9,0
113.95,0
114,0
114.05,0
114.1,0
114.15,0
114.2,0
114.25,0
114.3,0
114.35,0
114.4,0
114.45,0
114.5,0
114.55,0
114.6,0
114.65,0
114.7,0
114.75,0
114.8,0
114.85,0
114.9,0
114.95,0
115,0
115.05,0
115.1,0
115.15,0
115.2,0
115.25,0
115.3,0
115.35,0
115.4,0
115.45,0
115.5,0
115.55,0
115.6,0
115.65,0
115.7,0
115.75,0
115.8,0
115.85,0
115.9,0
115.95,0
116,0
116.05,0
116.1,0
116.15,0
116.2,0
116.25,0
116.3,0
116.35,0
116.4,0
116.45,0
116.5,0
116.55,0
116.6,0
116.65,0
116.7,0
116.75,0
116.8,0
116.85,0
116.9,0
116.95,0
117,0
117.05,0
117.1,0
117.15,0
117.2,0
117.25,0
117.3,0
117.35,0
117.4,0
117.45,0
117.5,0
117.55,0
117.6,0
117.65,0
117.7,0
117.75,0
117.8,0
117.85,0
117.9,0
117.95,0
118,0
118.05,0
118.1,0
118.15,0
118.2,0
118.25,0
118.3,0
118.35,0
118.4,0
118.45,0
118.5,0
118.55,0
118.6,0
118.65,0
118.7,0
118.75,0
118.8,0
118.85,0
118.9,0
118.95,0
119,0
119.05,0
119.1,0
119.15,0
119.2,0
119.25,0
119.3,0
119.35,0
119.4,0
119.45,0
119.5,0
119.55,0
119.6,0
119.65,0
119.7,0
119.75,0
119.8,0
119.85,0
119.9,0
119.95,0
120,0
120.05,0
120.1,0
120.15,0
120.2,0
120.25,0
120.3,0
120.35,0
120.4,0
120.45,0
120.5,0
120.55,0
120.6,0
120.65,0
120.7,0
120.75,0
120.8,0
120.85,0
120.9,0
120.95,0
121,0
121.05,0
121.1,0
121.15,0
121.2,0
121.25,0
121.3,0
121.35,0
121.4,0
121.45,0
121.5,0
121.55,0
121.6,0
121.65,0
121.7,0
121.75,0
121.8,0
121.85,0
121.9,0
121.95,0
122,0
122.05,0
122.1,0
122.15,0
122.2,0
122.25,0
122.3,0
122.35,0
122.4,0
122.45,0
122.5,0
122.55,0
122.6,0
122.65,0
122.7,0
122.75,0
122.8,0
122.85,0
122.9,0
122.95,0
123,0
123.05,0
123.1,0
123.15,0
123.2,0
123.25,0
123.3,0
123.35,0
123.4,0
123.45,0
123.5,0
123.55,0
123.6,0
123.65,0
123.7,0
123.75,0
123.8,0
123.85,0
123.9,0
123.95,0
124,0
124.05,0
124.1,0
124.15,0
124.2,0
124.25,0
124.3,0
124.35,0
124.4,0
124.45,0
124.5,0
124.55,0
124.6,0
124.65,0
124.7,0
124.75,0
124.8,0
124.85,0
124.9,0
124.95,0
125,0
125.05,0
125.1,0
125.15,0
125.2,0
125.25,0
125.3,0
125.35,0
125.4,0
125.45,0
125.5,0
125.55,0
125.6,0
125.65,0
125.7,0
125.75,0
125.8,0
125.85,0
125.9,0
125.95,0
126,0
126.05,0
126.1,0
126.15,0
126.2,0
126.25,0
126.3,0
126.35,0
126.4,0
126.45,0
126.5,0
126.55,0
126.6,0
126.65,0
126.7,0
126.75,0
126.8,0
126.85,0
126.9,0
126.95,0
127,0
127.05,0
127.1,0
127.15,0
127.2,0
127.25,0
127.3,0
127.35,0
127.4,0
127.45,0
127.5,0
127.55,0
127.6,0
127.65,0
127.7,0
127.75,0
127.8,0
127.85,0
127.9,0
127.95,0
128,0
128.05,0
128.1,0
128.15,0
128.2,0
128.25,0
128.3,0
128.35,0
128.4,0
128.45,0
128.5,0
128.55,0
128.6,0
128.65,0
128.7,0
128.75,0
128.8,0
128.85,0
128.9,0
128.95,0
129,0
129.05,0
129.1,0
129.15,0
129.2,0
129.25,0
129.3,0
129.35,0
129.4,0
129.45,0
129.5,0
129.55,0
129.6,0
129.65,0
129.7,0
129.75,0
129.8,0
129.85,0
129.9,0
129.95,0
130,0
130.05,0
130.1,0
130.15,0
130.2,0
130.25,0
130.3,0
130.35,0
130.4,0
130.45,0
130.5,0
130.55,0
130.6,0
130.65,0
130.7,0
130.75,0
130.8,0
130.85,0
130.9,0
130.95,0
131,0
131.05,0
131.1,0
131.15,0
131.2,0
131.25,0
131.3,0
131.35,0
131.4,0
131.45,0
131.5,0
131.55,0
131.6,0
131.65,0
131.7,0
131.75,0
131.8,0
131.85,0
131.9,0
131.95,0
132,0
132.05,0
132.1,0
132.15,0
132.2,0
132.25,0
132.3,0
132.35,0
132.4,0
132.45,0
132.5,0
132.55,0
132.6,0
132.65,0
132.7,0
132.75,0
132.8,0
132.85,0
132.9,0
132.95,0
133,0
133.05,0
133.1,0
133.15,0
133.2,0
133.25,0
133.3,0
133.35,0
133.4,0
133.45,0
133.5,0
133.55,0
133.6,0
133.65,0
133.7,0
133.75,0
133.8,0
133.85,0
133.9,0
133.95,0
134,0
134.05,0
134.1,0
134.15,0
134.2,0
134.25,0
134.3,0
134.35,0
134.4,0
134.45,0
134.5,0
134.55,0
134.6,0
134.65,0
134.7,0
134.75,0
134.8,0
134.85,0
134.9,0
134.95,0
135,0
135.05,0
135.1,0
135.15,0
135.2,0
135.25,0
135.3,0
135.35,0
135.4,0
135.45,0
135.5,0
135.55,0
135.6,0
135.65,0
135.7,0
135.75,0
135.8,0
135.85,0
135.9,0
135.95,0
136,0
136.05,0
136.1,0
136.15,0
136.2,0
136.25,0
136.3,0
136.35,0
136.4,0
136.45,0
136.5,0
136.55,0
136.6,0
136.65,0
136.7,0
136.75,0
136.8,0
136.85,0
136.9,0
136.95,0
137,0
137.05,0
137.1,0
137.15,0
137.2,0
137.25,0
137.3,0
137.35,0
137.4,0
137.45,0
137.5,0
137.55,0
137.6,0
137.65,0
137.7,0
137.75,0
137.8,0
137.85,0
137.9,0
137.95,0
138,0
138.05,0
138.1,0
138.15,0
138.2,0
138.25,0
138.3,0
138.35,0
138.4,0
138.45,0
138.5,0
138.55,0
138.6,0
138.65,0
138.7,0
138.75,0
138.8,0
138.85,0
138.9,0
138.95,0
139,0
139.05,0
139.1,0
139.15,0
139.2,0
139.25,0
139.3,0
139.35,0
139.4,0
139.45,0
139.5,0
139.55,0
139.6,0
139.65,0
139.7,0
139.75,0
139.8,0
139.85,0
139.9,0
139.95,0
140,0
140.05,0
140.1,0
140.15,0
140.2,0
140.25,0
140.3,0
140.35,0
140.4,0
140.45,0
140.5,0
140.55,0
140.6,0
140.65,0
140.7,0
140.75,0
140.8,0
140.85,0
140.9,0
140.95,0
141,0
141.05,0
141.1,0
141.15,0
141.2,0
141.25,0
141.3,0
141.35,0
141.4,0
141.45,0
141.5,0
141.55,0
141.6,0
141.65,0
141.7,0
141.75,0
141.8,0
141.85,0
141.9,0
141.95,0
142,0
142.05,0
142.1,0
142.15,0
142.2,0
142.25,0
142.3,0
142.35,0
142.4,0
142.45,0
142.5,0
142.55,0
142.6,0
142.65,0
142.7,0
142.75,0
142.8,0
142.85,0
142.9,0
142.95,0
143,0
143.05,0
143.1,0
143.15,0
143.2,0
143.25,0
143.3,0
143.35,0
143.4,0
143.45,0
143.5,0
143.55,0
143.6,0
143.65,0
143.7,0
143.75,0
143.8,0
143.85,0
143.9,0
143.95,0
144,0
144.05,0
144.1,0
144.15,0
144.2,0
144.25,0
144.3,0
144.35,0
144.4,0
144.45,0
144.5,0
144.55,0
144.6,0
144.65,0
144.7,0
144.75,0
144.8,0
144.85,0
144.9,0
144.95,0
145,0
145.05,0
145.1,0
145.15,0
145.2,0
145.25,0
145.3,0
145.35,0
145.4,0
145.45,0
145.5,0
145.55,0
145.6,0
145.65,0
145.7,0
145.75,0
145.8,0
145.85,0
145.9,0
145.95,0
146,0
146.05,0
146.1,0
146.15,0
146.2,0
146.25,0
146.3,0
146.35,0
146.4,0
146.45,0
146.5,0
146.55,0
146.6,0
146.65,0
146.7,0
146.75,0
146.8,0
146.85,0
146.9,0
146.95,0
147,0
147.05,0
147.1,0
147.15,0
147.2,0
147.25,0
147.3,0
147.35,0
147.4,0
147.45,0
147.5,0
147.55,0
147.6,0
147.65,0
147.7,0
147.75,0
147.8,0
147.85,0
147.9,0
147.95,0
148,0
148.05,0
148.1,0
148.15,0
148.2,0
148.25,0
148.3,0
148.35,0
148.4,0
148.45,0
148.5,0
148.55,0
148.6,0
148.65,0
148.7,0
148.75,0
148.8,0
148.85,0
148.9,0
148.95,0
149,0
149.05,0
149.1,0
149.15,0
149.2,0
149.25,0
149.3,0
149.35,0
149.4,0
149.45,0
149.5,0
149.55,0
149.6,0
149.65,0
149.7,0
149.75,0
149.8,0
149.85,0
149.9,0
149.95,0
150,0
150.05,0
150.1,0
150.15,0
150.2,0
150.25,0
150.3,0
150.35,0
150.4,0
150.45,0
150.5,0
150.55,0
150.6,0
150.65,0
150.7,0
150.75,0
150.8,0
150.85,0
150.9,0
150.95,0
151,0
151.05,0
151.1,0
151.15,0
151.2,0
151.25,0
151.3,0
151.35,0
151.4,0
151.45,0
151.5,0
151.55,0
151.6,0
151.65,0
151.7,0
151.75,0
151.8,0
151.85,0
151.9,0
151.95,0
152,0
152.05,0
152.1,0
152.15,0
152.2,0
152.25,0
152.3,0
152.35,0
152.4,0
152.45,0
152.5,0
152.55,0
152.6,0
152.65,0
152.7,0
152.75,0
152.8,0
152.85,0
152.9,0
152.95,0
153,0
153.05,0
153.1,0
153.15,0
153.2,0
153.25,0
153.3,0
153.35,0
153.4,0
153.45,0
153.5,0
153.55,0
153.6,0
153.65,0
153.7,0
153.75,0
153.8,0
153.85,0
153.9,0
153.95,0
154,0
154.05,0
154.1,0
154.15,0
154.2,0
154.25,0
154.3,0
154.35,0
154.4,0
154.45,0
154.5,0
154.55,0
154.6,0
154.65,0
154.7,0
154.75,0
154.8,0
154.85,0
154.9,0
154.95,0
155,0
155.05,0
155.1,0
155.15,0
155.2,0
155.25,0
155.3,0
155.35,0
155.4,0
155.45,0
155.5,0
155.55,0
155.6,0
155.65,0
155.7,0
155.75,0
155.8,0
155.85,0
155.9,0
155.95,0
156,0
156.05,0
156.1,0
156.15,0
156.2,0
156.25,0
156.3,0
156.35,0
156.4,0
156.45,0
156.5,0
156.55,0
156.6,0
156.65,0
156.7,0
156.75,0
156.8,0
156.85,0
156.9,0
156.95,0
157,0
157.05,0
157.1,0
157.15,0
157.2,0
157.25,0
157.3,0
157.35,0
157.4,0
157.45,0
157.5,0
157.55,0
157.6,0
157.65,0
157.7,0
157.75,0
157.8,0
157.85,0
157.9,0
157.95,0
158,0
158.05,0
158.1,0
158.15,0
158.2,0
158.25,0
158.3,0
158.35,0
158.4,0
158.45,0
158.5,0
158.55,0
158.6,0
158.65,0
158.7,0
158.75,0
158.8,0
158.85,0
158.9,0
158.95,0
159,0
159.05,0
159.1,0
159.15,0
159.2,0
159.25,0
159.3,0
159.35,0
159.4,0
159.45,0
159.5,0
159.55,0
159.6,0
159.65,0
159.7,0
159.75,0
159.8,0
159.85,0
159.9,0
159.95,0
160,0
160.05,0
160.1,0
160.15,0
160.2,0
160.25,0
160.3,0
160.35,0
160.4,0
160.45,0
160.5,0
160.55,0
160.6,0
160.65,0
160.7,0
160.75,0
160.8,0
160.85,0
160.9,0
160.95,0
161,0
161.05,0
161.1,0
161.15,0
161.2,0
161.25,0
161.3,0
161.35,0
161.4,0
161.45,0
161.5,0
161.55,0
161.6,0
161.65,0
161.7,0
161.75,0
161.8,0
161.85,0
161.9,0
161.95,0
162,0
162.05,0
162.1,0
162.15,0
162.2,0
162.25,0
162.3,0
162.35,0
162.4,0
162.45,0
162.5,0
162.55,0
162.6,0
162.65,0
162.7,0
162.75,0
162.8,0
162.85,0
162.9,0
162.95,0
163,0
163.05,0
163.1,0
163.15,0
163.2,0
163.25,0
163.3,0
163.35,0
163.4,0
163.45,0
163.5,0
163.55,0
163.6,0
163.65,0
163.7,0
163.75,0
163.8,0
163.85,0
163.9,0
163.95,0
164,0
164.05,0
164.1,0
164.15,0
164.2,0
164.25,0
164.3,0
164.35,0
164.4,0
164.45,0
164.5,0
164.55,0
164.6,0
164.65,0
164.7,0
164.75,0
164.8,0
164.85,0
164.9,0
164.95,0
165,0
165.05,0
165.1,0
165.15,0
165.2,0
165.25,0
165.3,0
165.35,0
165.4,0
165.45,0
165.5,0
165.55,0
165.6,0
165.65,0
165.7,0
165.75,0
165.8,0
165.85,0
165.9,0
165.95,0
166,0
166.05,0
166.1,0
166.15,0
166.2,0
166.25,0
166.3,0
166.35,0
166.4,0
166.45,0
166.5,0
166.55,0
166.6,0
166.65,0
166.7,0
166.75,0
166.8,0
166.85,0
166.9,0
166.95,0
167,0
167.05,0
167.1,0
167.15,0
167.2,0
167.25,0
167.3,0
167.35,0
167.4,0
167.45,0
167.5,0
167.55,0
167.6,0
167.65,0
167.7,0
167.75,0
167.8,0
167.85,0
167.9,0
167.95,0
168,0
168.05,0
168.1,0
168.15,0
168.2,0
168.25,0
168.3,0
168.35,0
168.4,0
168.45,0
168.5,0
168.55,0
168.6,0
168.65,0
168.7,0
168.75,0
168.8,0
168.85,0
168.9,0
168.95,0
169,0
169.05,0
169.1,0
169.15,0
169.2,0
169.25,0
169.3,0
169.35,0
169.4,0
169.45,0
169.5,0
169.55,0
169.6,0
169.65,0
169.7,0
169.75,0
169.8,0
169.85,0
169.9,0
169.95,0
170,0
170.05,0
170.1,0
170.15,0
170.2,0
170.25,0
170.3,0
170.35,0
170.4,0
170.45,0
170.5,0
170.55,0
170.6,0
170.65,0
170.7,0
170.75,0
170.8,0
170.85,0
170.9,0
170.95,0
171,0
171.05,0
171.1,0
171.15,0
171.2,0
171.25,0
171.3,0
171.35,0
171.4,0
171.45,0
171.5,0
171.55,0
171.6,0
171.65,0
171.7,0
171.75,0
171.8,0
171.85,0
171.9,0
171.95,0
172,0
172.05,0
172.1,0
172.15,0
172.2,0
172.25,0
172.3,0
172.35,0
172.4,0
172.45,0
172.5,0
172.55,0
172.6,0
172.65,0
172.7,0
172.75,0
172.8,0
172.85,0
172.9,0
172.95,0
173,0
173.05,0
173.1,0
173.15,0
173.2,0
173.25,0
173.3,0
173.35,0
173.4,0
173.45,0
173.5,0
173.55,0
173.6,0
173.65,0
173.7,0
173.75,0
173.8,0
173.85,0
173.9,0
173.95,0
174,0
174.05,0
174.1,0
174.15,0
174.2,0
174.25,0
174.3,0
174.35,0
174.4,0
174.45,0
174.5,0
174.55,0
174.6,0
174.65,0
174.7,0
174.75,0
174.8,0
174.85,0
174.9,0
174.95,0
175,0
175.05,0
175.1,0
175.15,0
175.2,0
175.25,0
175.3,0
175.35,0
175.4,0
175.45,0
175.5,0
175.55,0
175.6,0
175.65,0
175.7,0
175.75,0
175.8,0
175.85,0
175.9,0
175.95,0
176,0
176.05,0
176.1,0
176.15,0
176.2,0
176.25,0
176.3,0
176.35,0
176.4,0
176.45,0
176.5,0
176.55,0
176.6,0
176.65,0
176.7,0
176.75,0
176.8,0
176.85,0
176.9,0
176.95,0
177,0
177.05,0
177.1,0
177.15,0
177.2,0
177.25,0
177.3,0
177.35,0
177.4,0
177.45,0
177.5,0
177.55,0
177.6,0
177.65,0
177.7,0
177.75,0
177.8,0
177.85,0
177.9,0
177.95,0
178,0
178.05,0
178.1,0
178.15,0
178.2,0
178.25,0
178.3,0
178.35,0
178.4,0
178.45,0
178.5,0
178.55,0
178.6,0
178.65,0
178.7,0
178.75,0
178.8,0
178.85,0
178.9,0
178.95,0
179,0
179.05,0
179.1,0
179.15,0
179.2,0
179.25,0
179.3,0
179.35,0
179.4,0
179.45,0
179.5,0
179.55,0
179.6,0
179.65,0
179.7,0
179.75,0
179.8,0
179.85,0
179.9,0
179.95,0
180,0
180.05,0
180.1,0
180.15,0
180.2,0
180.25,0
180.3,0
180.35,0
180.4,0
180.45,0
180.5,0
180.55,0
180.6,0
180.65,0
180.7,0
180.75,0
180.8,0
180.85,0
180.9,0
180.95,0
181,0
181.05,0
181.1,0
181.15,0
181.2,0
181.25,0
181.3,0
181.35,0
181.4,0
181.45,0
181.5,0
181.55,0
181.6,0
181.65,0
181.7,0
181.75,0
181.8,0
181.85,0
181.9,0
181.95,0
182,0
182.05,0
182.1,0
182.15,0
182.2,0
182.25,0
182.3,0
182.35,0
182.4,0
182.45,0
182.5,0
182.55,0
182.6,0
182.65,0
182.7,0
182.75,0
182.8,0
182.85,0
182.9,0
182.95,0
183,0
183.05,0
183.1,0
183.15,0
183.2,0
183.25,0
183.3,0
183.35,0
183.4,0
183.45,0
183.5,0
183.55,0
183.6,0
183.65,0
183.7,0
183.75,0
183.8,0
183.85,0
183.9,0
183.95,0
184,0
184.05,0
184.1,0
184.15,0
184.2,0
184.25,0
184.3,0
184.35,0
184.4,0
184.45,0
184.5,0
184.55,0
184.6,0
184.65,0
184.7,0
184.75,0
184.8,0
184.85,0
184.9,0
184.95,0
185,0
185.05,0
185.1,0
185.15,0
185.2,0
185.25,0
185.3,0
185.35,0
185.4,0
185.45,0
185.5,0
185.55,0
185.6,0
185.65,0
185.7,0
185.75,0
185.8,0
185.85,0
185.9,0
185.95,0
186,0
186.05,0
186.1,0
186.15,0
186.2,0
186.25,0
186.3,0
186.35,0
186.4,0
186.45,0
186.5,0
186.55,0
186.6,0
186.65,0
186.7,0
186.75,0
186.8,0
186.85,0
186.9,0
186.95,0
187,0
187.05,0
187.1,0
187.15,0
187.2,0
187.25,0
187.3,0
187.35,0
187.4,0
187.45,0
187.5,0
187.55,0
187.6,0
187.65,0
187.7,0
187.75,0
187.8,0
187.85,0
187.9,0
187.95,0
188,0
188.05,0
188.1,0
188.15,0
188.2,0
188.25,0
188.3,0
188.35,0
188.4,0
188.45,0
188.5,0
188.55,0
188.6,0
188.65,0
188.7,0
188.75,0
188.8,0
188.85,0
188.9,0
188.95,0
189,0
189.05,0
189.1,0
189.15,0
189.2,0
189.25,0
189.3,0
189.35,0
189.4,0
189.45,0
189.5,0
189.55,0
189.6,0
189.65,0
189.7,0
189.75,0
189.8,0
189.85,0
189.9,0
189.95,0
190,0
190.05,0
190.1,0
190.15,0
190.2,0
190.25,0
190.3,0
190.35,0
190.4,0
190.45,0
190.5,0
190.55,0
190.6,0
190.65,0
190.7,0
190.75,0
190.8,0
190.85,0
190.9,0
190.95,0
191,0
191.05,0
191.1,0
191.15,0
191.2,0
191.25,0
191.3,0
191.35,0
191.4,0
191.45,0
191.5,0
191.55,0
191.6,0
191.65,0
191.7,0
191.75,0
191.8,0
191.85,0
191.9,0
191.95,0
192,0
192.05,0
192.1,0
192.15,0
192.2,0
192.25,0
192.3,0
192.35,0
192.4,0
192.45,0
192.5,0
192.55,0
192.6,0
192.65,0
192.7,0
192.75,0
192.8,0
192.85,0
192.9,0
192.95,0
193,0
193.05,0
193.1,0
193.15,0
193.2,0
193.25,0
193.3,0
193.35,0
193.4,0
193.45,0
193.5,0
193.55,0
193.6,0
193.65,0
193.7,0
193.75,0
193.8,0
193.85,0
193.9,0
193.95,0
194,0
194.05,0
194.1,0
194.15,0
194.2,0
194.25,0
194.3,0
194.35,0
194.4,0
194.45,0
194.5,0
194.55,0
194.6,0
194.65,0
194.7,0
194.75,0
194.8,0
194.85,0
194.9,0
194.95,0
195,0
195.05,0
195.1,0
195.15,0
195.2,0
195.25,0
195.3,0
195.35,0
195.4,0
195.45,0
195.5,0
195.55,0
195.6,0
195.65,0
195.7,0
195.75,0
195.8,0
195.85,0
195.9,0
195.95,0
196,0
196.05,0
196.1,0
196.15,0
196.2,0
196.25,0
196.3,0
196.35,0
196.4,0
196.45,0
196.5,0
196.55,0
196.6,0
196.65,0
196.7,0
196.75,0
196.8,0
196.85,0
196.9,0
196.95,0
197,0
197.05,0
197.1,0
197.15,0
197.2,0
197.25,0
197.3,0
197.35,0
197.4,0
197.45,0
197.5,0
197.55,0
197.6,0
197.65,0
197.7,0
197.75,0
197.8,0
197.85,0
197.9,0
197.95,0
198,0
198.05,0
198.1,0
198.15,0
198.2,0
198.25,0
198.3,0
198.35,0
198.4,0
198.45,0
198.5,0
198.55,0
198.6,0
198.65,0
198.7,0
198.75,0
198.8,0
198.85,0
198.9,0
198.95,0
199,0
199.05,0
199.1,0
199.15,0
199.2,0
199.25,0
199.3,0
199.35,0
199.4,0
199.45,0
199.5,0
199.55,0
199.6,0
199.65,0
199.7,0
199.75,0
199.8,0
199.85,0
199.9,0
199.95,0
200,0
200.05,0
200.1,0
200.15,0
200.2,0
200.25,0
200.3,0
200.35,0
200.4,0
200.45,0
200.5,0
200.55,0
200.6,0
200.65,0
200.7,0
200.75,0
200.8,0
200.85,0
200.9,0
200.95,0
201,0
201.05,0
201.1,0
201.15,0
201.2,0
201.25,0
201.3,0
201.35,0
201.4,0
201.45,0
201.5,0
201.55,0
201.6,0
201.65,0
201.7,0
201.75,0
201.8,0
201.85,0
201.9,0
201.95,0
202,0
202.05,0
202.1,0
202.15,0
202.2,0
202.25,0
202.3,0
202.35,0
202.4,0
202.45,0
202.5,0
202.55,0
202.6,0
202.65,0
202.7,0
202.75,0
202.8,0
202.85,0
202.9,0
202.95,0
203,0
203.05,0
203.1,0
203.15,0
203.2,0
203.25,0
203.3,0
203.35,0
203.4,0
203.45,0
203.5,0
203.55,0
203.6,0
203.65,0
203.7,0
203.75,0
203.8,0
203.85,0
203.9,0
203.95,0
204,0
204.05,0
204.1,0
204.15,0
204.2,0
204.25,0
204.3,0
204.35,0
204.4,0
204.45,0
204.5,0
204.55,0
204.6,0
204.65,0
204.7,0
204.75,0
204.8,0
204.85,0
204.9,0
204.95,0
205,0
205.05,0
205.1,0
205.15,0
205.2,0
205.25,0
205.3,0
205.35,0
205.4,0
205.45,0
205.5,0
205.55,0
205.6,0
205.65,0
205.7,0
205.75,0
205.8,0
205.85,0
205.9,0
205.95,0
206,0
206.05,0
206.1,0
206.15,0
206.2,0
206.25,0
206.3,0
206.35,0
206.4,0
206.45,0
206.5,0
206.55,0
206.6,0
206.65,0
206.7,0
206.75,0
206.8,0
206.85,0
206.9,0
206.95,0
207,0
207.05,0
207.1,0
207.15,0
207.2,0
207.25,0
207.3,0
207.35,0
207.4,0
207.45,0
207.5,0
207.55,0
207.6,0
207.65,0
207.7,0
207.75,0
207.8,0
207.85,0
207.9,0
207.95,0
208,0
208.05,0
208.1,0
208.15,0
208.2,0
208.25,0
208.3,0
208.35,0
208.4,0
208.45,0
208.5,0
208.55,0
208.6,0
208.65,0
208.7,0
208.75,0
208.8,0
208.85,0
208.9,0
208.95,0
209,0
209.05,0
209.1,0
209.15,0
209.2,0
209.25,0
209.3,0
209.35,0
209.4,0
209.45,0
209.5,0
209.55,0
209.6,0
209.65,0
209.7,0
209.75,0
209.8,0
209.85,0
209.9,0
209.95,0
210,0
210.05,0
210.1,0
210.15,0
210.2,0
210.25,0
210.3,0
210.35,0
210.4,0
210.45,0
